<?xml version="1.0" encoding="utf-8"?>
<feed>
<title>Watershed_NaturalFeature</title>
<entry>
<title>Stream</title>
<id>02050301</id>
<summary>Crystal clear waters</summary>
<georss:point>40.23 -75.40</georss:point>
</entry>
<entry>
<title>Stream</title>
<id>05020201</id>
<summary>Crystal clear waters</summary>
<georss:point>41.147282 -80.07265</georss:point>
</entry>
<entry>
<title>Stream</title>
<id>02130608</id>
<summary>Crystal clear waters</summary>
<georss:point>39.45 -74.66</georss:point>
</entry>
<entry>
<title>Stream</title>
<id>02141003</id>
<summary>Crystal clear waters</summary>
<georss:point>38.66 -74.59</georss:point>
</entry>
<entry>
<title>Stream</title>
<id>02141006</id>
<summary>Crystal clear waters</summary>
<georss:point>37.87 -78.64</georss:point>
</entry>
<entry>
<title>Stream</title>
<id>02050301</id>
<summary>Best Feature You Should Never Miss</summary>
<georss:point>38.736917357405275 -78.37453301920043</georss:point>
</entry>
<entry>
<title>Forest</title>
<id>02141006</id>
<summary>Best Feature You Should Never Miss</summary>
<georss:point>39.475080224937415 -75.18570150926685</georss:point>
</entry>
<entry>
<title>River</title>
<id>05020201</id>
<summary>Best Feature You Should Never Miss</summary>
<georss:point>38.1115495033295 -79.00901964690723</georss:point>
</entry>
<entry>
<title>Stream</title>
<id>05020201</id>
<summary>Best Feature You Should Never Miss</summary>
<georss:point>39.20000283133999 -77.66575031876913</georss:point>
</entry>
<entry>
<title>River</title>
<id>02141003</id>
<summary>Best Feature You Should Never Miss</summary>
<georss:point>38.85555973053472 -76.57195091060075</georss:point>
</entry>
<entry>
<title>Stream</title>
<id>02141003</id>
<summary>Best Feature You Should Never Miss</summary>
<georss:point>38.319376117335665 -78.28963184376818</georss:point>
</entry>
<entry>
<title>Forest</title>
<id>02141006</id>
<summary>Best Feature You Should Never Miss</summary>
<georss:point>39.02189388854667 -79.39095245212805</georss:point>
</entry>
<entry>
<title>Waterfall</title>
<id>02141003</id>
<summary>Best Feature You Should Never Miss</summary>
<georss:point>38.87543428838291 -76.29272419209978</georss:point>
</entry>
<entry>
<title>Forest</title>
<id>02141006</id>
<summary>Best Feature You Should Never Miss</summary>
<georss:point>39.353192057055836 -79.18945998173665</georss:point>
</entry>
<entry>
<title>Stream</title>
<id>02130608</id>
<summary>Best Feature You Should Never Miss</summary>
<georss:point>39.371513858188806 -75.47428157966371</georss:point>
</entry>
<entry>
<title>Waterfall</title>
<id>02050301</id>
<summary>Best Feature You Should Never Miss</summary>
<georss:point>38.17867669787272 -76.31601443965945</georss:point>
</entry>
<entry>
<title>Stream</title>
<id>02141003</id>
<summary>Best Feature You Should Never Miss</summary>
<georss:point>38.89705204046051 -75.61420643295578</georss:point>
</entry>
<entry>
<title>River</title>
<id>05020201</id>
<summary>Best Feature You Should Never Miss</summary>
<georss:point>39.40460985515621 -78.16026715971257</georss:point>
</entry>
<entry>
<title>Stream</title>
<id>02130608</id>
<summary>Best Feature You Should Never Miss</summary>
<georss:point>38.421904764955016 -76.84706235425202</georss:point>
</entry>
<entry>
<title>River</title>
<id>02050301</id>
<summary>Best Feature You Should Never Miss</summary>
<georss:point>38.61739378650759 -77.97914603417281</georss:point>
</entry>
<entry>
<title>River</title>
<id>02141003</id>
<summary>Best Feature You Should Never Miss</summary>
<georss:point>39.25875296726191 -76.79957398714295</georss:point>
</entry>
<entry>
<title>Waterfall</title>
<id>02050301</id>
<summary>Best Feature You Should Never Miss</summary>
<georss:point>39.56182323043739 -77.31321590526716</georss:point>
</entry>
<entry>
<title>River</title>
<id>02050301</id>
<summary>Best Feature You Should Never Miss</summary>
<georss:point>38.601303929372904 -78.24716562985185</georss:point>
</entry>
<entry>
<title>Stream</title>
<id>05020201</id>
<summary>Best Feature You Should Never Miss</summary>
<georss:point>38.55967853182216 -76.06741251676236</georss:point>
</entry>
<entry>
<title>Forest</title>
<id>02050301</id>
<summary>Best Feature You Should Never Miss</summary>
<georss:point>39.40764417327707 -79.45438333246335</georss:point>
</entry>
</feed>
